price,area_m2,bedrooms,bathrooms,parking_spaces,property_type,neighborhood,zona,city,state,lat,lon,score_residencial,score_comercial,ndvi_mean_90,ndbi_mean_90
809000.0,230.0,3,2,2,casa,Centro,ZMC,Pouso Alegre,MG,-22.236511,-45.947361,0.5928,0.441,0.4644,-0.2052
768000.0,263.0,3,2,2,casa,Bela Vista,ZM,Pouso Alegre,MG,-22.218156,-45.964794,0.6738,0.3659,0.4811,-0.0289
685000.0,1170.0,0,0,0,terreno,Centro,ZMC,Pouso Alegre,MG,-22.227338,-45.946173,0.7841,0.8289,0.2117,-0.0109
357000.0,131.0,2,1,1,casa,Santa Luzia,ZMV,Pouso Alegre,MG,-22.239201,-45.944122,0.7571,0.5897,0.4179,-0.097
632000.0,148.0,3,3,3,casa_condominio,Centro,ZMC,Pouso Alegre,MG,-22.225643,-45.946882,0.8115,0.6322,0.23,-0.2474
963000.0,235.0,3,3,2,casa_condominio,Santa Luzia,ZMV,Pouso Alegre,MG,-22.227525,-45.944329,0.7175,0.5513,0.3384,-0.0522
244000.0,181.0,4,3,0,casa,Jardim São Paulo,ZEIS,Pouso Alegre,MG,-22.24571,-45.965957,0.1858,0.2106,0.4914,-0.1681
504000.0,124.0,2,1,1,casa,Parque das Acácias,ZM,Pouso Alegre,MG,-22.226547,-45.969716,0.2797,0.5222,0.2168,-0.2421
353000.0,95.0,3,3,2,apartamento,Vila Formosa,ZEIS,Pouso Alegre,MG,-22.245492,-45.957116,0.207,0.1605,0.4021,-0.1234
672000.0,202.0,0,1,4,comercial,Bela Vista,ZM,Pouso Alegre,MG,-22.213504,-45.961781,0.4054,0.2233,0.4368,-0.0927
816000.0,258.0,4,3,0,casa,Santa Luzia,ZMV,Pouso Alegre,MG,-22.237971,-45.94723,0.5228,0.547,0.4534,0.0018
615000.0,188.0,3,2,0,casa,Bela Vista,ZM,Pouso Alegre,MG,-22.213204,-45.955824,0.5797,0.2643,0.2078,-0.2138
875000.0,263.0,3,2,1,casa,Jardim Panorama,ZM1,Pouso Alegre,MG,-22.222354,-45.947078,0.4931,0.4152,0.4631,-0.221
713000.0,266.0,3,2,1,casa,Santa Luzia,ZMV,Pouso Alegre,MG,-22.237077,-45.94306,0.7943,0.262,0.1586,0.0392
560000.0,106.0,2,2,0,apartamento,São Geraldo,ZM2,Pouso Alegre,MG,-22.239349,-45.947086,0.2432,0.4205,0.5164,-0.1694
393000.0,128.0,4,3,1,casa,Jardim Panorama,ZM1,Pouso Alegre,MG,-22.213075,-45.942783,0.3256,0.1834,0.2524,0.0776
819000.0,273.0,4,3,0,casa,Novo Horizonte,ZEU,Pouso Alegre,MG,-22.210593,-45.968571,0.4526,0.2746,0.2764,0.0202
450000.0,128.0,3,2,0,apartamento,Novo Horizonte,ZEU,Pouso Alegre,MG,-22.201745,-45.961382,0.4276,0.4764,0.2113,-0.1873
324000.0,63.0,3,3,0,apartamento,Centro,ZMC,Pouso Alegre,MG,-22.228312,-45.940963,0.3792,0.5291,0.2027,-0.0128
970000.0,228.0,3,2,1,casa,Parque das Acácias,ZM,Pouso Alegre,MG,-22.231632,-45.971847,0.4356,0.3086,0.1995,0.0746
448000.0,171.0,3,2,0,casa,Bela Vista,ZM,Pouso Alegre,MG,-22.221119,-45.958788,0.3325,0.4016,0.4036,-0.2129
390000.0,108.0,0,1,2,comercial,Parque das Acácias,ZM,Pouso Alegre,MG,-22.232317,-45.974954,0.6545,0.56,0.1571,-0.2118
645000.0,111.0,4,3,1,casa,Santa Luzia,ZMV,Pouso Alegre,MG,-22.237647,-45.944384,0.5355,0.325,0.4108,0.0536
217000.0,112.0,4,3,2,casa,Jardim Panorama,ZM1,Pouso Alegre,MG,-22.216841,-45.940292,0.3148,0.6389,0.4799,-0.1414
112000.0,59.0,2,1,1,apartamento,Jardim São Paulo,ZEIS,Pouso Alegre,MG,-22.248839,-45.967777,0.3057,0.2237,0.3865,-0.0117
488000.0,221.0,4,3,2,casa,Bela Vista,ZM,Pouso Alegre,MG,-22.209534,-45.952133,0.4614,0.4594,0.3165,-0.2328
168000.0,51.0,3,2,0,apartamento,Novo Horizonte,ZEU,Pouso Alegre,MG,-22.205363,-45.967728,0.5001,0.3829,0.5418,0.0307
347000.0,133.0,3,3,0,apartamento,Vila Formosa,ZEIS,Pouso Alegre,MG,-22.246184,-45.954117,0.3542,0.2732,0.2566,-0.2011
203000.0,80.0,2,2,1,apartamento,Jardim São Paulo,ZEIS,Pouso Alegre,MG,-22.255264,-45.966672,0.3369,0.2274,0.5295,0.0707
926000.0,197.0,3,3,2,casa_condominio,Santa Luzia,ZMV,Pouso Alegre,MG,-22.234667,-45.943487,0.6765,0.6835,0.444,-0.1792
353000.0,89.0,3,2,0,casa,Parque das Acácias,ZM,Pouso Alegre,MG,-22.23286,-45.972335,0.535,0.5528,0.5336,0.0303
266000.0,995.0,0,0,0,terreno,Parque das Acácias,ZM,Pouso Alegre,MG,-22.228356,-45.97044,0.4703,0.421,0.376,-0.0496
663000.0,248.0,3,3,2,casa_condominio,Bairro Industrial,ZEU,Pouso Alegre,MG,-22.202045,-45.952908,0.3433,0.422,0.1851,-0.0197
383000.0,120.0,3,3,2,apartamento,Jardim Panorama,ZM1,Pouso Alegre,MG,-22.215738,-45.942763,0.4677,0.3593,0.2091,0.0776
313000.0,98.0,3,2,2,casa,Bairro Industrial,ZEU,Pouso Alegre,MG,-22.204943,-45.938355,0.2262,0.4517,0.4371,0.0829
313000.0,87.0,2,1,1,casa,Parque das Acácias,ZM,Pouso Alegre,MG,-22.218452,-45.980011,0.4583,0.3091,0.2681,-0.0895
128000.0,938.0,0,0,0,terreno,Jardim São Paulo,ZEIS,Pouso Alegre,MG,-22.249728,-45.967359,0.5222,0.348,0.4848,-0.2128
280000.0,197.0,2,1,2,casa,Bairro Industrial,ZEU,Pouso Alegre,MG,-22.205898,-45.944016,0.4359,0.1341,0.2293,0.0687
186000.0,58.0,1,1,1,apartamento,Novo Horizonte,ZEU,Pouso Alegre,MG,-22.221668,-45.973391,0.4972,0.4053,0.4704,0.0747
531000.0,140.0,2,1,0,apartamento,Novo Horizonte,ZEU,Pouso Alegre,MG,-22.209539,-45.974187,0.2638,0.2331,0.2121,0.0071
345000.0,174.0,4,3,2,casa,Bela Vista,ZM,Pouso Alegre,MG,-22.217627,-45.960655,0.3057,0.2714,0.4338,-0.1894
760000.0,308.0,0,1,2,comercial,Vila Formosa,ZEIS,Pouso Alegre,MG,-22.243357,-45.95319,0.3919,0.3798,0.5284,-0.1445
240000.0,849.0,0,0,0,terreno,Jardim Panorama,ZM1,Pouso Alegre,MG,-22.213256,-45.932245,0.3846,0.3184,0.1977,-0.2031
300000.0,154.0,3,2,1,casa,Vila Formosa,ZEIS,Pouso Alegre,MG,-22.252948,-45.965365,0.3317,0.2947,0.2768,-0.2374
412000.0,109.0,3,2,1,casa,Bela Vista,ZM,Pouso Alegre,MG,-22.219073,-45.956904,0.4934,0.5159,0.465,-0.0578
422000.0,139.0,4,3,2,casa,Jardim São Paulo,ZEIS,Pouso Alegre,MG,-22.250284,-45.965852,0.4644,0.2867,0.4699,-0.1399
250000.0,53.0,3,3,2,apartamento,Centro,ZMC,Pouso Alegre,MG,-22.231543,-45.943322,0.8377,0.7568,0.4471,-0.2449
398000.0,216.0,2,1,0,casa,Centro,ZMC,Pouso Alegre,MG,-22.232717,-45.935898,0.747,0.6585,0.4588,-0.1412
497000.0,263.0,3,2,1,casa,Vila Formosa,ZEIS,Pouso Alegre,MG,-22.241658,-45.958442,0.3836,0.4323,0.4845,0.0962
1061000.0,335.0,0,1,0,comercial,Centro,ZMC,Pouso Alegre,MG,-22.222725,-45.947343,0.3979,0.3176,0.3235,-0.0857
703000.0,148.0,2,1,0,apartamento,Jardim Panorama,ZM1,Pouso Alegre,MG,-22.226971,-45.945933,0.5715,0.4976,0.2475,0.0453
731000.0,234.0,4,3,1,casa,Jardim Panorama,ZM1,Pouso Alegre,MG,-22.211687,-45.940075,0.683,0.4225,0.343,0.019
274000.0,504.0,0,0,0,terreno,Centro,ZMC,Pouso Alegre,MG,-22.234444,-45.948353,0.4154,0.4203,0.5169,-0.0292
202000.0,71.0,1,1,2,apartamento,Jardim São Paulo,ZEIS,Pouso Alegre,MG,-22.257241,-45.96534,0.3916,0.461,0.2612,-0.0039
450000.0,196.0,4,3,2,casa,Novo Horizonte,ZEU,Pouso Alegre,MG,-22.215782,-45.971469,0.4812,0.3014,0.4967,-0.2101
590000.0,181.0,3,2,2,casa,Vila Formosa,ZEIS,Pouso Alegre,MG,-22.235894,-45.963259,0.3586,0.4875,0.1664,0.0221
777000.0,248.0,0,1,1,comercial,Novo Horizonte,ZEU,Pouso Alegre,MG,-22.213138,-45.973183,0.2009,0.2742,0.5199,0.0379
478000.0,84.0,1,1,2,apartamento,Santa Luzia,ZMV,Pouso Alegre,MG,-22.239033,-45.946413,0.4072,0.5438,0.4703,-0.2329
383000.0,142.0,3,3,0,apartamento,Jardim Panorama,ZM1,Pouso Alegre,MG,-22.217058,-45.935187,0.421,0.6037,0.2451,0.0485
316000.0,125.0,2,1,1,apartamento,Vila Formosa,ZEIS,Pouso Alegre,MG,-22.250567,-45.952102,0.4784,0.4925,0.2868,0.0012
243000.0,125.0,3,2,0,casa,Vila Formosa,ZEIS,Pouso Alegre,MG,-22.244178,-45.956952,0.3117,0.1413,0.3488,-0.203
217000.0,64.0,1,1,2,apartamento,São Geraldo,ZM2,Pouso Alegre,MG,-22.24846,-45.952088,0.6623,0.2646,0.3663,-0.1504
565000.0,146.0,3,2,1,apartamento,Vila Formosa,ZEIS,Pouso Alegre,MG,-22.243638,-45.958569,0.2326,0.4456,0.2465,-0.1371
650000.0,122.0,2,1,2,casa,Centro,ZMC,Pouso Alegre,MG,-22.226875,-45.941741,0.8867,0.7119,0.4198,0.0351
381000.0,100.0,2,1,0,casa,Santa Luzia,ZMV,Pouso Alegre,MG,-22.23343,-45.941229,0.3303,0.204,0.1643,0.0859
308000.0,69.0,3,2,0,apartamento,Centro,ZMC,Pouso Alegre,MG,-22.235154,-45.948285,0.4346,0.3963,0.1742,-0.0056
150000.0,110.0,3,2,0,casa,Jardim São Paulo,ZEIS,Pouso Alegre,MG,-22.25006,-45.966053,0.3192,0.3891,0.3458,-0.1334
599000.0,196.0,2,2,1,casa_condominio,Centro,ZMC,Pouso Alegre,MG,-22.234614,-45.940694,0.3316,0.4995,0.2823,0.0756
230000.0,102.0,2,1,1,casa,São Geraldo,ZM2,Pouso Alegre,MG,-22.239209,-45.948111,0.5273,0.2678,0.1625,-0.2113
307000.0,110.0,3,2,2,casa,Centro,ZMC,Pouso Alegre,MG,-22.221012,-45.945419,0.4653,0.7972,0.4592,0.0494
540000.0,273.0,3,2,2,casa,Novo Horizonte,ZEU,Pouso Alegre,MG,-22.205725,-45.966802,0.3529,0.252,0.3903,-0.1743
371000.0,143.0,1,1,1,apartamento,Parque das Acácias,ZM,Pouso Alegre,MG,-22.231399,-45.963591,0.6852,0.4571,0.4454,-0.139
196000.0,55.0,3,3,0,apartamento,Jardim Panorama,ZM1,Pouso Alegre,MG,-22.215256,-45.942399,0.306,0.6266,0.5472,-0.0454
282000.0,615.0,0,0,0,terreno,Bela Vista,ZM,Pouso Alegre,MG,-22.22373,-45.966252,0.717,0.18,0.2679,-0.0177
151000.0,94.0,2,1,2,casa,Jardim São Paulo,ZEIS,Pouso Alegre,MG,-22.255418,-45.963277,0.3677,0.3811,0.421,0.004
214000.0,100.0,0,1,2,comercial,Novo Horizonte,ZEU,Pouso Alegre,MG,-22.212889,-45.968736,0.5445,0.2832,0.3132,-0.2171
372000.0,121.0,2,2,0,apartamento,Bela Vista,ZM,Pouso Alegre,MG,-22.230583,-45.969309,0.5407,0.5798,0.5013,-0.1173
404000.0,177.0,4,3,2,casa,Bela Vista,ZM,Pouso Alegre,MG,-22.223764,-45.964472,0.6658,0.1828,0.1899,-0.1785
1117000.0,494.0,0,1,1,comercial,Jardim São Paulo,ZEIS,Pouso Alegre,MG,-22.249345,-45.963173,0.3113,0.3251,0.3935,-0.0467
547000.0,265.0,2,1,0,casa,Jardim São Paulo,ZEIS,Pouso Alegre,MG,-22.24993,-45.963317,0.5064,0.1971,0.4238,-0.1312
362000.0,101.0,3,3,3,casa_condominio,Bela Vista,ZM,Pouso Alegre,MG,-22.226711,-45.962035,0.28,0.436,0.3374,-0.1592
766000.0,271.0,4,3,1,casa,Centro,ZMC,Pouso Alegre,MG,-22.231105,-45.948517,0.94,0.8385,0.5007,0.0656
439000.0,154.0,2,1,2,apartamento,São Geraldo,ZM2,Pouso Alegre,MG,-22.24852,-45.956165,0.3485,0.2282,0.3669,-0.1921
270000.0,574.0,0,0,0,terreno,São Geraldo,ZM2,Pouso Alegre,MG,-22.247678,-45.950052,0.3258,0.609,0.454,0.0203
142000.0,67.0,3,3,0,apartamento,Jardim São Paulo,ZEIS,Pouso Alegre,MG,-22.253759,-45.963015,0.4189,0.4144,0.3299,-0.1642
332000.0,144.0,2,2,2,apartamento,Jardim São Paulo,ZEIS,Pouso Alegre,MG,-22.254335,-45.964404,0.3404,0.2994,0.4609,-0.0688
585000.0,241.0,3,2,1,casa,Jardim Panorama,ZM1,Pouso Alegre,MG,-22.209173,-45.933763,0.348,0.2917,0.2154,-0.056
354000.0,85.0,1,1,2,apartamento,Bela Vista,ZM,Pouso Alegre,MG,-22.213998,-45.958553,0.8012,0.6221,0.3628,-0.1845
626000.0,223.0,4,3,0,casa,Novo Horizonte,ZEU,Pouso Alegre,MG,-22.213561,-45.963147,0.4886,0.4438,0.4678,-0.0321
119000.0,411.0,0,0,0,terreno,Novo Horizonte,ZEU,Pouso Alegre,MG,-22.210178,-45.976824,0.3707,0.176,0.2624,-0.2283
388000.0,93.0,3,2,1,casa,Santa Luzia,ZMV,Pouso Alegre,MG,-22.240208,-45.934477,0.5466,0.7358,0.414,-0.0401
135000.0,81.0,1,1,2,apartamento,Jardim São Paulo,ZEIS,Pouso Alegre,MG,-22.248345,-45.966513,0.5037,0.241,0.414,-0.1441
428000.0,146.0,3,2,2,casa,Novo Horizonte,ZEU,Pouso Alegre,MG,-22.209346,-45.965881,0.3505,0.3013,0.4088,-0.1302
483000.0,139.0,1,1,2,apartamento,Jardim São Paulo,ZEIS,Pouso Alegre,MG,-22.248106,-45.971174,0.4727,0.1982,0.2291,0.0224
438000.0,120.0,3,2,2,apartamento,Parque das Acácias,ZM,Pouso Alegre,MG,-22.22342,-45.969951,0.7171,0.4653,0.3668,-0.0045
458000.0,76.0,2,1,0,apartamento,Bela Vista,ZM,Pouso Alegre,MG,-22.222502,-45.957574,0.5922,0.4153,0.31,0.0563
462000.0,1135.0,0,0,0,terreno,Bela Vista,ZM,Pouso Alegre,MG,-22.216507,-45.95949,0.7593,0.6804,0.2836,-0.1645
1390000.0,426.0,0,1,0,comercial,São Geraldo,ZM2,Pouso Alegre,MG,-22.227774,-45.958887,0.366,0.2757,0.2461,-0.0243
469000.0,139.0,3,2,0,casa,Bairro Industrial,ZEU,Pouso Alegre,MG,-22.208222,-45.945301,0.5073,0.1739,0.2845,0.0291
910000.0,213.0,2,2,1,casa_condominio,Jardim Panorama,ZM1,Pouso Alegre,MG,-22.213866,-45.935405,0.75,0.1962,0.3979,0.0765
518000.0,110.0,3,2,0,apartamento,São Geraldo,ZM2,Pouso Alegre,MG,-22.246991,-45.959718,0.4942,0.3941,0.2205,-0.1018
916000.0,210.0,2,1,2,casa,Jardim Panorama,ZM1,Pouso Alegre,MG,-22.207104,-45.939527,0.4798,0.3809,0.5407,-0.1386
231000.0,71.0,4,3,1,casa,Jardim Panorama,ZM1,Pouso Alegre,MG,-22.218973,-45.935482,0.6567,0.4155,0.2786,0.0121
495000.0,147.0,2,2,2,apartamento,Jardim Panorama,ZM1,Pouso Alegre,MG,-22.219943,-45.939748,0.6428,0.1781,0.1502,-0.0973
493000.0,224.0,4,3,1,casa,Centro,ZMC,Pouso Alegre,MG,-22.234471,-45.949315,0.5564,0.6796,0.4777,-0.2175
496000.0,79.0,3,2,1,apartamento,Bela Vista,ZM,Pouso Alegre,MG,-22.231598,-45.970008,0.3207,0.2175,0.2334,0.013
329000.0,61.0,1,1,0,apartamento,São Geraldo,ZM2,Pouso Alegre,MG,-22.242807,-45.948511,0.7006,0.5755,0.3072,0.0563
316000.0,114.0,1,1,1,apartamento,São Geraldo,ZM2,Pouso Alegre,MG,-22.244926,-45.956304,0.238,0.1741,0.4814,-0.0013
557000.0,192.0,3,2,0,casa,Parque das Acácias,ZM,Pouso Alegre,MG,-22.233001,-45.97581,0.4986,0.3156,0.3041,-0.1553
346000.0,184.0,4,3,0,casa,Santa Luzia,ZMV,Pouso Alegre,MG,-22.236581,-45.938173,0.5449,0.4585,0.2188,0.0616
350000.0,152.0,2,1,1,apartamento,Novo Horizonte,ZEU,Pouso Alegre,MG,-22.202575,-45.975291,0.257,0.1783,0.2328,-0.102
83000.0,380.0,0,0,0,terreno,Jardim São Paulo,ZEIS,Pouso Alegre,MG,-22.238592,-45.963512,0.4826,0.4424,0.3942,-0.1781
473000.0,130.0,1,1,0,apartamento,São Geraldo,ZM2,Pouso Alegre,MG,-22.233375,-45.952222,0.7109,0.1715,0.4779,-0.0659
416000.0,88.0,2,2,0,apartamento,Jardim Panorama,ZM1,Pouso Alegre,MG,-22.220614,-45.947921,0.438,0.3667,0.3475,0.0898
328000.0,163.0,2,1,1,casa,Jardim São Paulo,ZEIS,Pouso Alegre,MG,-22.243615,-45.970006,0.3193,0.3364,0.2935,-0.107
279000.0,1002.0,0,0,0,terreno,São Geraldo,ZM2,Pouso Alegre,MG,-22.235164,-45.944416,0.4953,0.3063,0.3347,-0.0194
171000.0,48.0,2,2,0,apartamento,Parque das Acácias,ZM,Pouso Alegre,MG,-22.224513,-45.968021,0.3645,0.5752,0.3751,0.0144
642000.0,264.0,2,1,2,casa,Parque das Acácias,ZM,Pouso Alegre,MG,-22.226875,-45.970135,0.2535,0.501,0.3816,-0.2484
479000.0,107.0,2,2,0,apartamento,Parque das Acácias,ZM,Pouso Alegre,MG,-22.224698,-45.970748,0.4231,0.4425,0.2823,0.0576
402000.0,120.0,1,1,2,apartamento,Novo Horizonte,ZEU,Pouso Alegre,MG,-22.205773,-45.977878,0.4255,0.4779,0.4923,-0.1843
178000.0,84.0,2,2,1,apartamento,Jardim São Paulo,ZEIS,Pouso Alegre,MG,-22.254982,-45.958835,0.2073,0.3941,0.298,-0.1038
469000.0,95.0,2,2,3,casa_condominio,Santa Luzia,ZMV,Pouso Alegre,MG,-22.23312,-45.947425,0.661,0.4004,0.4261,-0.1928
222000.0,90.0,2,1,1,casa,São Geraldo,ZM2,Pouso Alegre,MG,-22.240619,-45.94829,0.6868,0.3474,0.2877,-0.2161
1011000.0,171.0,4,4,1,casa_condominio,Santa Luzia,ZMV,Pouso Alegre,MG,-22.236069,-45.943989,0.5827,0.7612,0.3224,-0.2374
1554000.0,340.0,0,1,0,comercial,Centro,ZMC,Pouso Alegre,MG,-22.230546,-45.949264,0.3764,0.2389,0.5243,0.0431
745000.0,140.0,3,3,0,apartamento,Centro,ZMC,Pouso Alegre,MG,-22.231889,-45.943418,0.4231,0.3859,0.5375,-0.1413
492000.0,123.0,0,1,0,comercial,Parque das Acácias,ZM,Pouso Alegre,MG,-22.232574,-45.967854,0.2984,0.5595,0.4869,0.0802
839000.0,180.0,4,3,2,casa,São Geraldo,ZM2,Pouso Alegre,MG,-22.254335,-45.953587,0.4159,0.1938,0.3045,-0.1234
397000.0,97.0,4,4,2,casa_condominio,Bairro Industrial,ZEU,Pouso Alegre,MG,-22.207713,-45.942689,0.2653,0.3211,0.2323,0.0915
571000.0,470.0,0,1,0,comercial,Vila Formosa,ZEIS,Pouso Alegre,MG,-22.247458,-45.957903,0.3765,0.352,0.3774,0.0694
601000.0,100.0,3,3,1,apartamento,Jardim Panorama,ZM1,Pouso Alegre,MG,-22.20816,-45.946261,0.7318,0.3567,0.2404,-0.0968
608000.0,229.0,3,2,0,casa,São Geraldo,ZM2,Pouso Alegre,MG,-22.244557,-45.947878,0.3073,0.6066,0.2415,0.0027
186000.0,62.0,2,1,1,apartamento,Bairro Industrial,ZEU,Pouso Alegre,MG,-22.219778,-45.951237,0.2061,0.3513,0.3412,-0.1024
568000.0,126.0,2,2,0,apartamento,Jardim São Paulo,ZEIS,Pouso Alegre,MG,-22.251533,-45.967966,0.3967,0.3895,0.1741,0.0378
641000.0,154.0,2,1,2,casa,Parque das Acácias,ZM,Pouso Alegre,MG,-22.223213,-45.967185,0.4495,0.5677,0.5342,-0.1202
318000.0,171.0,3,2,1,casa,São Geraldo,ZM2,Pouso Alegre,MG,-22.239453,-45.946375,0.6612,0.2829,0.4007,0.0115
123000.0,82.0,0,1,4,comercial,Jardim São Paulo,ZEIS,Pouso Alegre,MG,-22.247183,-45.964427,0.2276,0.2379,0.4542,-0.0021
685000.0,236.0,2,1,1,casa,Bela Vista,ZM,Pouso Alegre,MG,-22.223113,-45.965359,0.6872,0.5833,0.178,-0.0816
431000.0,125.0,3,3,2,casa_condominio,Jardim Panorama,ZM1,Pouso Alegre,MG,-22.213349,-45.943059,0.6309,0.3232,0.3068,-0.1657
178000.0,83.0,1,1,1,apartamento,Novo Horizonte,ZEU,Pouso Alegre,MG,-22.218412,-45.968949,0.4451,0.4735,0.522,-0.0757
803000.0,279.0,3,2,2,casa,Vila Formosa,ZEIS,Pouso Alegre,MG,-22.239606,-45.949007,0.3604,0.2696,0.1563,-0.083
414000.0,184.0,3,2,2,casa,Santa Luzia,ZMV,Pouso Alegre,MG,-22.231254,-45.948437,0.7906,0.3639,0.5479,0.0555
318000.0,88.0,3,3,1,apartamento,Bela Vista,ZM,Pouso Alegre,MG,-22.217244,-45.958022,0.7795,0.3926,0.2281,-0.2297
241000.0,80.0,4,4,3,casa_condominio,Parque das Acácias,ZM,Pouso Alegre,MG,-22.225729,-45.97396,0.6469,0.2753,0.206,-0.0128
279000.0,81.0,3,3,0,apartamento,Bela Vista,ZM,Pouso Alegre,MG,-22.219874,-45.9611,0.7164,0.2877,0.4587,-0.1176
104000.0,60.0,3,2,2,casa,Vila Formosa,ZEIS,Pouso Alegre,MG,-22.245765,-45.952249,0.4556,0.2561,0.1856,-0.1117
316000.0,62.0,2,1,1,apartamento,Jardim Panorama,ZM1,Pouso Alegre,MG,-22.218648,-45.94011,0.7201,0.2879,0.3147,-0.1088
230000.0,79.0,4,3,2,casa,Santa Luzia,ZMV,Pouso Alegre,MG,-22.236562,-45.933209,0.8009,0.6496,0.2658,0.0286
409000.0,112.0,1,1,0,apartamento,Centro,ZMC,Pouso Alegre,MG,-22.227339,-45.933429,0.3228,0.3053,0.4887,-0.1103
862000.0,220.0,2,2,1,casa_condominio,Bairro Industrial,ZEU,Pouso Alegre,MG,-22.216721,-45.937048,0.2993,0.3614,0.1702,0.0536
487000.0,131.0,1,1,0,apartamento,Jardim São Paulo,ZEIS,Pouso Alegre,MG,-22.249959,-45.966019,0.4329,0.2129,0.4479,0.0372
740000.0,158.0,1,1,1,apartamento,Parque das Acácias,ZM,Pouso Alegre,MG,-22.225893,-45.975471,0.6074,0.4997,0.5153,-0.1636
499000.0,102.0,2,2,1,apartamento,Jardim Panorama,ZM1,Pouso Alegre,MG,-22.203065,-45.947501,0.753,0.2088,0.4053,-0.0841
732000.0,195.0,4,3,0,casa,Parque das Acácias,ZM,Pouso Alegre,MG,-22.23299,-45.971324,0.4048,0.4634,0.2705,0.0196
588000.0,265.0,4,3,2,casa,Jardim Panorama,ZM1,Pouso Alegre,MG,-22.217689,-45.935858,0.6899,0.1761,0.1721,-0.1281
704000.0,151.0,4,3,2,casa,Centro,ZMC,Pouso Alegre,MG,-22.23691,-45.950659,0.8065,0.3597,0.2364,-0.064
536000.0,88.0,1,1,2,apartamento,Centro,ZMC,Pouso Alegre,MG,-22.241627,-45.946816,0.7163,0.331,0.3405,-0.0927
1285000.0,275.0,2,2,2,casa_condominio,Centro,ZMC,Pouso Alegre,MG,-22.235063,-45.947367,0.4099,0.3377,0.5188,-0.1337
162000.0,50.0,2,1,0,apartamento,Bela Vista,ZM,Pouso Alegre,MG,-22.224703,-45.962646,0.7424,0.5228,0.4598,-0.0292
614000.0,266.0,4,3,1,casa,Parque das Acácias,ZM,Pouso Alegre,MG,-22.225948,-45.976099,0.3589,0.5829,0.2543,-0.1963
543000.0,154.0,3,3,2,apartamento,Santa Luzia,ZMV,Pouso Alegre,MG,-22.237459,-45.935536,0.4426,0.5128,0.4256,0.0684
373000.0,123.0,2,1,1,casa,Jardim Panorama,ZM1,Pouso Alegre,MG,-22.214648,-45.947881,0.2785,0.3924,0.4199,-0.0111
514000.0,89.0,3,2,0,apartamento,Centro,ZMC,Pouso Alegre,MG,-22.22964,-45.954477,0.9032,0.5197,0.3497,-0.0331
497000.0,201.0,3,2,2,casa,Santa Luzia,ZMV,Pouso Alegre,MG,-22.247182,-45.944917,0.8329,0.4436,0.3474,-0.0861
197000.0,91.0,1,1,0,apartamento,Bairro Industrial,ZEU,Pouso Alegre,MG,-22.206504,-45.954261,0.2402,0.487,0.1629,-0.0505
315000.0,96.0,2,1,0,casa,Parque das Acácias,ZM,Pouso Alegre,MG,-22.224538,-45.981605,0.6173,0.5868,0.5123,-0.0749
498000.0,159.0,3,2,1,apartamento,São Geraldo,ZM2,Pouso Alegre,MG,-22.236678,-45.947337,0.6442,0.6048,0.3607,-0.0263
342000.0,85.0,2,2,2,apartamento,Jardim Panorama,ZM1,Pouso Alegre,MG,-22.207206,-45.946381,0.3799,0.3268,0.5124,0.0295
446000.0,180.0,2,1,1,casa,Vila Formosa,ZEIS,Pouso Alegre,MG,-22.237609,-45.959503,0.2451,0.4366,0.2823,-0.2055
280000.0,93.0,1,1,2,apartamento,Parque das Acácias,ZM,Pouso Alegre,MG,-22.228208,-45.970844,0.2619,0.4509,0.26,-0.2273
140000.0,42.0,3,2,0,apartamento,Jardim São Paulo,ZEIS,Pouso Alegre,MG,-22.255423,-45.957937,0.1689,0.1739,0.4711,0.0626
411000.0,258.0,4,3,0,casa,Jardim São Paulo,ZEIS,Pouso Alegre,MG,-22.253081,-45.970972,0.2723,0.2806,0.5313,-0.0771
302000.0,83.0,3,2,0,apartamento,Bairro Industrial,ZEU,Pouso Alegre,MG,-22.215039,-45.943666,0.4961,0.3976,0.3942,0.0218
453000.0,143.0,2,2,1,apartamento,São Geraldo,ZM2,Pouso Alegre,MG,-22.242908,-45.959755,0.6269,0.6013,0.3156,-0.1882
119000.0,401.0,0,0,0,terreno,Santa Luzia,ZMV,Pouso Alegre,MG,-22.240805,-45.939838,0.8,0.7479,0.4552,0.0896
472000.0,106.0,1,1,0,apartamento,Bela Vista,ZM,Pouso Alegre,MG,-22.214873,-45.961586,0.6582,0.6391,0.4459,-0.2237
603000.0,219.0,3,2,1,casa,Vila Formosa,ZEIS,Pouso Alegre,MG,-22.240669,-45.951338,0.5293,0.3928,0.2378,-0.0876
683000.0,153.0,3,3,1,apartamento,São Geraldo,ZM2,Pouso Alegre,MG,-22.244008,-45.958373,0.7063,0.2234,0.2532,-0.0075
239000.0,79.0,4,3,1,casa,Santa Luzia,ZMV,Pouso Alegre,MG,-22.234718,-45.938773,0.5742,0.673,0.284,0.046
572000.0,239.0,0,1,1,comercial,Centro,ZMC,Pouso Alegre,MG,-22.233202,-45.949354,0.3308,0.3863,0.2111,-0.0094
193000.0,65.0,2,2,1,apartamento,Vila Formosa,ZEIS,Pouso Alegre,MG,-22.244477,-45.946517,0.215,0.1212,0.2995,-0.022
508000.0,114.0,2,1,1,casa,Santa Luzia,ZMV,Pouso Alegre,MG,-22.23626,-45.94393,0.4717,0.4264,0.1587,-0.0697
209000.0,102.0,4,4,3,casa_condominio,Bairro Industrial,ZEU,Pouso Alegre,MG,-22.204561,-45.94304,0.5424,0.5026,0.465,-0.0287
101000.0,69.0,4,3,1,casa,Bairro Industrial,ZEU,Pouso Alegre,MG,-22.199387,-45.945471,0.3063,0.3071,0.331,0.0449
739000.0,275.0,2,1,0,casa,Bela Vista,ZM,Pouso Alegre,MG,-22.219204,-45.96014,0.7689,0.4476,0.1863,-0.1017
659000.0,156.0,3,3,2,apartamento,Parque das Acácias,ZM,Pouso Alegre,MG,-22.238009,-45.970973,0.3285,0.3088,0.3623,0.0918
359000.0,88.0,2,2,0,apartamento,Novo Horizonte,ZEU,Pouso Alegre,MG,-22.214968,-45.968527,0.4749,0.312,0.2921,-0.1279
182000.0,561.0,0,0,0,terreno,Vila Formosa,ZEIS,Pouso Alegre,MG,-22.244489,-45.960615,0.2207,0.2059,0.1656,-0.0769
390000.0,129.0,1,1,2,apartamento,Vila Formosa,ZEIS,Pouso Alegre,MG,-22.250464,-45.962235,0.3697,0.317,0.2866,-0.193
478000.0,93.0,2,1,0,apartamento,Parque das Acácias,ZM,Pouso Alegre,MG,-22.226711,-45.979035,0.2506,0.2976,0.2461,-0.1541
255000.0,102.0,3,2,1,casa,Jardim Panorama,ZM1,Pouso Alegre,MG,-22.212964,-45.940065,0.7552,0.6428,0.2308,0.0148
839000.0,170.0,4,3,0,casa,Centro,ZMC,Pouso Alegre,MG,-22.226853,-45.947341,0.8242,0.4005,0.3237,0.0184
528000.0,151.0,3,3,1,apartamento,Centro,ZMC,Pouso Alegre,MG,-22.226141,-45.949398,0.857,0.2636,0.4697,-0.0392
489000.0,157.0,2,2,0,apartamento,Bairro Industrial,ZEU,Pouso Alegre,MG,-22.202553,-45.946296,0.5286,0.2861,0.5018,-0.1554
258000.0,132.0,2,1,1,casa,Bairro Industrial,ZEU,Pouso Alegre,MG,-22.204034,-45.933967,0.5013,0.2201,0.3763,-0.1053
898000.0,293.0,3,3,3,casa_condominio,Vila Formosa,ZEIS,Pouso Alegre,MG,-22.243755,-45.950768,0.2733,0.4665,0.4773,-0.0455
157000.0,85.0,3,2,2,casa,Parque das Acácias,ZM,Pouso Alegre,MG,-22.220317,-45.973822,0.5701,0.2162,0.3549,-0.1595
332000.0,1137.0,0,0,0,terreno,São Geraldo,ZM2,Pouso Alegre,MG,-22.244047,-45.948613,0.2758,0.6374,0.3271,-0.1953
208000.0,655.0,0,0,0,terreno,Bairro Industrial,ZEU,Pouso Alegre,MG,-22.198764,-45.930937,0.3027,0.2585,0.5219,0.0816
482000.0,159.0,2,1,0,casa,Vila Formosa,ZEIS,Pouso Alegre,MG,-22.242595,-45.952461,0.3018,0.3631,0.1655,-0.0212
159000.0,294.0,0,0,0,terreno,Santa Luzia,ZMV,Pouso Alegre,MG,-22.235609,-45.942342,0.4437,0.2155,0.2973,-0.062
334000.0,84.0,2,1,0,apartamento,Santa Luzia,ZMV,Pouso Alegre,MG,-22.236076,-45.944067,0.4916,0.5237,0.3636,0.0202
719000.0,170.0,0,1,2,comercial,Bela Vista,ZM,Pouso Alegre,MG,-22.216946,-45.962171,0.5083,0.2213,0.4293,0.0953
477000.0,107.0,3,3,0,apartamento,Santa Luzia,ZMV,Pouso Alegre,MG,-22.234537,-45.943842,0.7784,0.2013,0.4518,0.0449
556000.0,215.0,2,1,0,casa,Jardim São Paulo,ZEIS,Pouso Alegre,MG,-22.255388,-45.971435,0.1985,0.4275,0.4315,-0.1785
325000.0,98.0,2,2,1,casa_condominio,Novo Horizonte,ZEU,Pouso Alegre,MG,-22.216968,-45.965287,0.4796,0.1414,0.2697,-0.2362
819000.0,154.0,3,3,2,apartamento,Jardim Panorama,ZM1,Pouso Alegre,MG,-22.226906,-45.936831,0.4642,0.471,0.2799,-0.0674
808000.0,452.0,0,1,4,comercial,Vila Formosa,ZEIS,Pouso Alegre,MG,-22.242612,-45.951053,0.3611,0.4626,0.2198,0.0174
591000.0,154.0,1,1,1,apartamento,Centro,ZMC,Pouso Alegre,MG,-22.245319,-45.95439,0.6237,0.5773,0.2292,-0.0492
616000.0,162.0,2,2,1,casa_condominio,Bela Vista,ZM,Pouso Alegre,MG,-22.216513,-45.948613,0.3491,0.2082,0.3771,-0.2258
414000.0,127.0,1,1,0,apartamento,Jardim São Paulo,ZEIS,Pouso Alegre,MG,-22.252537,-45.966531,0.2489,0.306,0.1725,0.0488
564000.0,122.0,4,3,2,casa,Centro,ZMC,Pouso Alegre,MG,-22.228693,-45.943868,0.8761,0.6324,0.1707,-0.0828
712000.0,227.0,2,1,2,casa,Santa Luzia,ZMV,Pouso Alegre,MG,-22.232903,-45.933711,0.4836,0.2677,0.2722,-0.1622
146000.0,411.0,0,0,0,terreno,Santa Luzia,ZMV,Pouso Alegre,MG,-22.239511,-45.947763,0.2976,0.6259,0.2102,-0.247
423000.0,156.0,0,1,0,comercial,Vila Formosa,ZEIS,Pouso Alegre,MG,-22.237603,-45.95595,0.3984,0.4897,0.2937,-0.2462
328000.0,70.0,2,1,1,apartamento,Parque das Acácias,ZM,Pouso Alegre,MG,-22.225186,-45.971012,0.5158,0.3068,0.4723,-0.1635
379000.0,104.0,3,3,2,apartamento,Jardim São Paulo,ZEIS,Pouso Alegre,MG,-22.247598,-45.95234,0.3536,0.1341,0.1929,-0.1672
344000.0,151.0,1,1,2,apartamento,Novo Horizonte,ZEU,Pouso Alegre,MG,-22.222196,-45.967478,0.4912,0.4578,0.4267,-0.0289
646000.0,253.0,3,2,1,casa,Bairro Industrial,ZEU,Pouso Alegre,MG,-22.213044,-45.941657,0.5691,0.1826,0.3249,0.0146
477000.0,122.0,2,1,1,apartamento,São Geraldo,ZM2,Pouso Alegre,MG,-22.240916,-45.955221,0.5761,0.4628,0.3841,-0.0199
646000.0,233.0,4,3,1,casa,Jardim Panorama,ZM1,Pouso Alegre,MG,-22.213546,-45.943773,0.287,0.468,0.4992,-0.0123
358000.0,108.0,4,3,2,casa,Bela Vista,ZM,Pouso Alegre,MG,-22.22316,-45.956919,0.5422,0.3734,0.4956,0.0032
234000.0,46.0,2,1,0,apartamento,São Geraldo,ZM2,Pouso Alegre,MG,-22.23089,-45.959611,0.4119,0.5266,0.2853,0.0355
938000.0,206.0,2,2,3,casa_condominio,São Geraldo,ZM2,Pouso Alegre,MG,-22.235022,-45.952649,0.4942,0.2532,0.5035,-0.0673
732000.0,229.0,3,3,1,casa_condominio,Vila Formosa,ZEIS,Pouso Alegre,MG,-22.240904,-45.957675,0.5273,0.3167,0.1713,0.0791
557000.0,253.0,3,2,2,casa,Centro,ZMC,Pouso Alegre,MG,-22.236297,-45.954566,0.6566,0.3398,0.2083,-0.1707
421000.0,87.0,2,2,1,apartamento,Santa Luzia,ZMV,Pouso Alegre,MG,-22.237166,-45.938361,0.6393,0.5428,0.511,0.0402
557000.0,200.0,3,2,0,casa,Vila Formosa,ZEIS,Pouso Alegre,MG,-22.243913,-45.955179,0.3652,0.2807,0.155,-0.0716
278000.0,80.0,1,1,2,apartamento,Jardim São Paulo,ZEIS,Pouso Alegre,MG,-22.24617,-45.96881,0.3951,0.4496,0.3673,-0.0753
390000.0,105.0,3,3,0,apartamento,São Geraldo,ZM2,Pouso Alegre,MG,-22.237578,-45.945911,0.4768,0.4444,0.4213,0.0114
463000.0,87.0,3,2,1,apartamento,São Geraldo,ZM2,Pouso Alegre,MG,-22.242933,-45.951945,0.5272,0.4897,0.4807,-0.0592
428000.0,1129.0,0,0,0,terreno,Vila Formosa,ZEIS,Pouso Alegre,MG,-22.254002,-45.945535,0.3419,0.2421,0.2279,-0.2486
342000.0,64.0,2,1,1,apartamento,Bela Vista,ZM,Pouso Alegre,MG,-22.220875,-45.954772,0.4798,0.6907,0.5153,-0.2189
569000.0,269.0,4,3,2,casa,Jardim São Paulo,ZEIS,Pouso Alegre,MG,-22.252436,-45.966559,0.4031,0.2356,0.3957,-0.1686
1047000.0,275.0,3,3,2,casa_condominio,São Geraldo,ZM2,Pouso Alegre,MG,-22.250496,-45.947802,0.6648,0.5778,0.4944,0.0381
634000.0,155.0,2,2,2,apartamento,Parque das Acácias,ZM,Pouso Alegre,MG,-22.234048,-45.969653,0.4858,0.6061,0.2465,-0.2212
525000.0,213.0,3,2,0,casa,Jardim São Paulo,ZEIS,Pouso Alegre,MG,-22.243138,-45.969956,0.3705,0.4185,0.4366,0.016
847000.0,139.0,3,2,2,apartamento,Santa Luzia,ZMV,Pouso Alegre,MG,-22.239166,-45.929207,0.7056,0.4449,0.3181,0.0349
540000.0,263.0,3,2,1,casa,Parque das Acácias,ZM,Pouso Alegre,MG,-22.217943,-45.972439,0.4832,0.5645,0.3076,-0.1639
578000.0,147.0,3,3,1,apartamento,São Geraldo,ZM2,Pouso Alegre,MG,-22.241961,-45.961284,0.4552,0.5487,0.3828,-0.0747
346000.0,74.0,3,2,1,casa,Santa Luzia,ZMV,Pouso Alegre,MG,-22.23776,-45.940776,0.6628,0.3292,0.4457,-0.1664
347000.0,96.0,4,3,1,casa,Novo Horizonte,ZEU,Pouso Alegre,MG,-22.203963,-45.971646,0.4636,0.3387,0.3073,0.0548
632000.0,220.0,4,3,1,casa,São Geraldo,ZM2,Pouso Alegre,MG,-22.231798,-45.954568,0.3455,0.2717,0.4071,0.0902
126000.0,43.0,3,3,0,apartamento,Bairro Industrial,ZEU,Pouso Alegre,MG,-22.203659,-45.949753,0.3186,0.28,0.3549,0.0326
239000.0,96.0,4,3,2,casa,Santa Luzia,ZMV,Pouso Alegre,MG,-22.236357,-45.9401,0.4654,0.3391,0.2695,-0.0557
227000.0,95.0,1,1,0,apartamento,Jardim São Paulo,ZEIS,Pouso Alegre,MG,-22.24773,-45.958836,0.4448,0.1837,0.4559,-0.1238
262000.0,132.0,2,2,0,apartamento,Bairro Industrial,ZEU,Pouso Alegre,MG,-22.211397,-45.95016,0.5192,0.3924,0.5028,0.0291
663000.0,208.0,3,2,1,casa,Jardim São Paulo,ZEIS,Pouso Alegre,MG,-22.25556,-45.960823,0.4064,0.4107,0.5279,-0.0942
356000.0,158.0,1,1,0,apartamento,Novo Horizonte,ZEU,Pouso Alegre,MG,-22.215701,-45.970707,0.2405,0.1711,0.3556,-0.1591
138000.0,51.0,2,1,1,apartamento,Novo Horizonte,ZEU,Pouso Alegre,MG,-22.212927,-45.971854,0.5229,0.1543,0.524,-0.1151
1265000.0,377.0,0,1,4,comercial,Santa Luzia,ZMV,Pouso Alegre,MG,-22.237014,-45.944722,0.5581,0.2159,0.4582,0.0994
475000.0,193.0,2,1,0,casa,Novo Horizonte,ZEU,Pouso Alegre,MG,-22.20477,-45.972349,0.4655,0.1401,0.168,0.0556
371000.0,97.0,2,2,0,apartamento,Jardim Panorama,ZM1,Pouso Alegre,MG,-22.211806,-45.940342,0.737,0.67,0.4217,-0.2311
668000.0,222.0,2,1,0,casa,Parque das Acácias,ZM,Pouso Alegre,MG,-22.216237,-45.967871,0.5807,0.4821,0.3351,0.0392
603000.0,117.0,2,1,1,apartamento,Parque das Acácias,ZM,Pouso Alegre,MG,-22.230054,-45.964477,0.3519,0.1886,0.2338,-0.0443
967000.0,238.0,3,3,2,casa_condominio,Centro,ZMC,Pouso Alegre,MG,-22.222602,-45.948543,0.5806,0.6861,0.5258,-0.0187
657000.0,275.0,3,2,2,casa,São Geraldo,ZM2,Pouso Alegre,MG,-22.241298,-45.947151,0.6787,0.1677,0.3142,-0.0551
424000.0,255.0,3,2,0,casa,Jardim São Paulo,ZEIS,Pouso Alegre,MG,-22.253172,-45.966822,0.1654,0.1679,0.3105,-0.0648
340000.0,77.0,2,1,0,apartamento,Centro,ZMC,Pouso Alegre,MG,-22.228505,-45.94462,0.3953,0.8378,0.1933,-0.2056
331000.0,195.0,3,2,2,casa,Jardim São Paulo,ZEIS,Pouso Alegre,MG,-22.245148,-45.969978,0.4979,0.1633,0.318,-0.1156
1451000.0,279.0,4,3,1,casa,Santa Luzia,ZMV,Pouso Alegre,MG,-22.231341,-45.943323,0.582,0.574,0.4318,-0.1978
261000.0,94.0,3,2,0,apartamento,Bela Vista,ZM,Pouso Alegre,MG,-22.212123,-45.960305,0.2881,0.4959,0.2144,-0.014
363000.0,150.0,3,2,1,casa,Novo Horizonte,ZEU,Pouso Alegre,MG,-22.207449,-45.962353,0.3761,0.2536,0.5028,-0.0166
654000.0,149.0,1,1,0,apartamento,São Geraldo,ZM2,Pouso Alegre,MG,-22.242686,-45.956156,0.3831,0.5392,0.2634,-0.1036
444000.0,1157.0,0,0,0,terreno,Centro,ZMC,Pouso Alegre,MG,-22.229292,-45.949986,0.4021,0.2077,0.3572,-0.1323
191000.0,447.0,0,0,0,terreno,São Geraldo,ZM2,Pouso Alegre,MG,-22.246052,-45.947106,0.3812,0.2882,0.2529,-0.06
412000.0,108.0,1,1,0,apartamento,Bela Vista,ZM,Pouso Alegre,MG,-22.2199,-45.965996,0.6507,0.6535,0.4116,-0.0015
739000.0,242.0,2,1,2,casa,Vila Formosa,ZEIS,Pouso Alegre,MG,-22.250099,-45.950439,0.4041,0.4142,0.3696,-0.1939
432000.0,110.0,2,2,3,casa_condominio,Centro,ZMC,Pouso Alegre,MG,-22.231558,-45.951731,0.839,0.5862,0.5417,-0.2157
227000.0,73.0,3,2,0,apartamento,Jardim São Paulo,ZEIS,Pouso Alegre,MG,-22.241787,-45.958674,0.4829,0.3824,0.4503,-0.1475
461000.0,123.0,3,3,2,apartamento,Santa Luzia,ZMV,Pouso Alegre,MG,-22.236473,-45.95258,0.4538,0.2627,0.3397,-0.0502
550000.0,141.0,3,2,1,apartamento,Parque das Acácias,ZM,Pouso Alegre,MG,-22.228681,-45.971858,0.592,0.4692,0.242,0.0949
213000.0,40.0,2,2,2,apartamento,Parque das Acácias,ZM,Pouso Alegre,MG,-22.22341,-45.975921,0.3601,0.6055,0.407,0.0715
554000.0,138.0,2,1,2,apartamento,São Geraldo,ZM2,Pouso Alegre,MG,-22.238947,-45.94407,0.4404,0.2692,0.258,-0.0408
688000.0,254.0,2,1,1,casa,Bela Vista,ZM,Pouso Alegre,MG,-22.208345,-45.955903,0.7057,0.5698,0.1565,0.0874
355000.0,1069.0,0,0,0,terreno,Centro,ZMC,Pouso Alegre,MG,-22.224698,-45.949352,0.7286,0.7076,0.2388,-0.2101
460000.0,131.0,3,2,1,apartamento,Novo Horizonte,ZEU,Pouso Alegre,MG,-22.220224,-45.976127,0.2197,0.2813,0.3362,-0.2334
200000.0,59.0,1,1,2,apartamento,Santa Luzia,ZMV,Pouso Alegre,MG,-22.233635,-45.940499,0.6482,0.2892,0.4204,-0.134
1014000.0,152.0,3,2,1,apartamento,Centro,ZMC,Pouso Alegre,MG,-22.230595,-45.952449,0.4773,0.3054,0.4193,-0.1553
302000.0,136.0,1,1,1,apartamento,Bairro Industrial,ZEU,Pouso Alegre,MG,-22.209518,-45.945379,0.3465,0.4714,0.4256,0.0804
185000.0,51.0,1,1,1,apartamento,Jardim São Paulo,ZEIS,Pouso Alegre,MG,-22.25145,-45.964979,0.5211,0.1328,0.2713,-0.1894
600000.0,169.0,3,3,1,casa_condominio,Bairro Industrial,ZEU,Pouso Alegre,MG,-22.209286,-45.945045,0.2283,0.1926,0.3894,-0.1261
197000.0,45.0,1,1,0,apartamento,Bairro Industrial,ZEU,Pouso Alegre,MG,-22.210809,-45.949527,0.4143,0.3894,0.207,0.0002
261000.0,51.0,2,1,2,apartamento,Jardim Panorama,ZM1,Pouso Alegre,MG,-22.204934,-45.939043,0.6908,0.3496,0.4212,-0.2359
95000.0,44.0,2,2,2,apartamento,Vila Formosa,ZEIS,Pouso Alegre,MG,-22.249065,-45.953824,0.4998,0.17,0.1822,0.0045
252000.0,74.0,2,1,0,apartamento,Jardim São Paulo,ZEIS,Pouso Alegre,MG,-22.249072,-45.961562,0.4981,0.3822,0.1876,-0.196
337000.0,1012.0,0,0,0,terreno,Jardim São Paulo,ZEIS,Pouso Alegre,MG,-22.253348,-45.964741,0.1991,0.2357,0.175,-0.2117
854000.0,273.0,4,3,2,casa,Parque das Acácias,ZM,Pouso Alegre,MG,-22.226138,-45.970724,0.6456,0.5413,0.2822,-0.154
264000.0,101.0,2,1,2,casa,Jardim São Paulo,ZEIS,Pouso Alegre,MG,-22.25067,-45.968041,0.3503,0.1457,0.3257,-0.2108
124000.0,41.0,1,1,2,apartamento,Novo Horizonte,ZEU,Pouso Alegre,MG,-22.213224,-45.968298,0.3069,0.1703,0.3752,0.0717
267000.0,106.0,1,1,1,apartamento,Novo Horizonte,ZEU,Pouso Alegre,MG,-22.205685,-45.969114,0.51,0.1649,0.3456,-0.2369
149000.0,72.0,2,1,0,apartamento,Novo Horizonte,ZEU,Pouso Alegre,MG,-22.213616,-45.971787,0.2621,0.4317,0.2855,-0.1702
745000.0,154.0,3,3,0,apartamento,São Geraldo,ZM2,Pouso Alegre,MG,-22.242091,-45.954868,0.3829,0.2013,0.3434,-0.0633
234000.0,164.0,2,1,0,casa,Jardim São Paulo,ZEIS,Pouso Alegre,MG,-22.249794,-45.965308,0.3199,0.2361,0.3184,-0.2184
817000.0,220.0,3,2,1,casa,Jardim Panorama,ZM1,Pouso Alegre,MG,-22.214573,-45.950308,0.7301,0.326,0.3417,-0.2407
392000.0,144.0,3,2,2,apartamento,Santa Luzia,ZMV,Pouso Alegre,MG,-22.237244,-45.932451,0.8181,0.4994,0.1786,0.0767
235000.0,113.0,2,1,0,apartamento,Bairro Industrial,ZEU,Pouso Alegre,MG,-22.203702,-45.943709,0.4925,0.3557,0.3236,-0.0023
640000.0,284.0,3,3,1,casa_condominio,Bairro Industrial,ZEU,Pouso Alegre,MG,-22.200169,-45.946852,0.323,0.257,0.1605,-0.1651
550000.0,183.0,4,3,2,casa,Novo Horizonte,ZEU,Pouso Alegre,MG,-22.212452,-45.968024,0.4568,0.4446,0.1914,-0.074
407000.0,254.0,4,3,0,casa,Jardim Panorama,ZM1,Pouso Alegre,MG,-22.22066,-45.937195,0.5315,0.4099,0.3482,-0.1253
292000.0,98.0,4,3,2,casa,São Geraldo,ZM2,Pouso Alegre,MG,-22.246794,-45.946634,0.5406,0.2158,0.2821,-0.0071
240000.0,60.0,4,3,1,casa,São Geraldo,ZM2,Pouso Alegre,MG,-22.240305,-45.954207,0.4468,0.6152,0.1541,0.0704
331000.0,56.0,3,2,2,apartamento,Centro,ZMC,Pouso Alegre,MG,-22.235045,-45.95022,0.4745,0.2899,0.5278,-0.0963
1288000.0,358.0,0,1,3,comercial,São Geraldo,ZM2,Pouso Alegre,MG,-22.236131,-45.960031,0.2586,0.5568,0.4268,-0.0232
808000.0,169.0,4,3,0,casa,Centro,ZMC,Pouso Alegre,MG,-22.229905,-45.948173,0.3871,0.5323,0.1903,-0.0194
323000.0,96.0,1,1,0,apartamento,Novo Horizonte,ZEU,Pouso Alegre,MG,-22.206179,-45.961562,0.4516,0.2863,0.4943,-0.1302
376000.0,93.0,4,3,0,casa,São Geraldo,ZM2,Pouso Alegre,MG,-22.235872,-45.956029,0.3459,0.187,0.373,0.0946
521000.0,107.0,2,1,1,apartamento,Bela Vista,ZM,Pouso Alegre,MG,-22.224642,-45.957572,0.441,0.5452,0.2957,0.0576
647000.0,137.0,2,2,3,casa_condominio,Centro,ZMC,Pouso Alegre,MG,-22.230041,-45.951041,0.9094,0.7865,0.5463,0.0238
189000.0,49.0,3,2,1,apartamento,Novo Horizonte,ZEU,Pouso Alegre,MG,-22.207869,-45.970117,0.3074,0.2491,0.4672,-0.0331
727000.0,272.0,3,2,1,casa,Bairro Industrial,ZEU,Pouso Alegre,MG,-22.209519,-45.946301,0.5435,0.3401,0.4807,0.0682
571000.0,157.0,2,1,2,casa,Jardim Panorama,ZM1,Pouso Alegre,MG,-22.206644,-45.939533,0.2413,0.6051,0.3493,-0.0441
388000.0,113.0,2,2,0,apartamento,Jardim São Paulo,ZEIS,Pouso Alegre,MG,-22.245278,-45.964317,0.3955,0.3667,0.3782,-0.2498
646000.0,223.0,3,2,1,casa,Bairro Industrial,ZEU,Pouso Alegre,MG,-22.195614,-45.941037,0.5384,0.4146,0.5452,0.0899
707000.0,246.0,2,1,0,casa,Novo Horizonte,ZEU,Pouso Alegre,MG,-22.200375,-45.960089,0.3602,0.1678,0.3024,-0.0729
171000.0,85.0,3,3,1,apartamento,Jardim São Paulo,ZEIS,Pouso Alegre,MG,-22.257907,-45.961479,0.2466,0.3217,0.4321,0.0284
197000.0,58.0,2,2,2,apartamento,Novo Horizonte,ZEU,Pouso Alegre,MG,-22.216575,-45.976906,0.2321,0.4673,0.342,0.0992
196000.0,846.0,0,0,0,terreno,Jardim São Paulo,ZEIS,Pouso Alegre,MG,-22.244522,-45.962248,0.3876,0.2939,0.3493,0.074
360000.0,192.0,3,2,0,casa,Jardim São Paulo,ZEIS,Pouso Alegre,MG,-22.24345,-45.960628,0.2747,0.3824,0.3432,0.043
249000.0,67.0,1,1,1,apartamento,Parque das Acácias,ZM,Pouso Alegre,MG,-22.217796,-45.972209,0.6222,0.5576,0.4481,-0.2242
429000.0,148.0,3,2,2,casa,Vila Formosa,ZEIS,Pouso Alegre,MG,-22.236759,-45.955906,0.2977,0.4199,0.267,0.0314
309000.0,50.0,2,2,1,apartamento,Santa Luzia,ZMV,Pouso Alegre,MG,-22.236522,-45.937768,0.3987,0.7273,0.202,-0.0746
309000.0,100.0,1,1,0,apartamento,Novo Horizonte,ZEU,Pouso Alegre,MG,-22.208076,-45.976618,0.4288,0.4039,0.396,0.0616
407000.0,83.0,3,2,0,apartamento,Santa Luzia,ZMV,Pouso Alegre,MG,-22.230685,-45.944071,0.7878,0.5734,0.4174,-0.0538
348000.0,91.0,2,1,0,casa,Parque das Acácias,ZM,Pouso Alegre,MG,-22.222158,-45.975713,0.3438,0.5639,0.1747,0.0377
761000.0,201.0,2,1,2,casa,Bela Vista,ZM,Pouso Alegre,MG,-22.216411,-45.959433,0.3915,0.6447,0.29,-0.1137
700000.0,153.0,1,1,0,apartamento,Centro,ZMC,Pouso Alegre,MG,-22.226075,-45.946184,0.3372,0.3382,0.3168,0.0578
415000.0,1108.0,0,0,0,terreno,Parque das Acácias,ZM,Pouso Alegre,MG,-22.221775,-45.961727,0.5259,0.3385,0.2014,-0.117
535000.0,113.0,1,1,2,apartamento,Novo Horizonte,ZEU,Pouso Alegre,MG,-22.200995,-45.967759,0.2549,0.2956,0.1713,0.0083
140000.0,79.0,2,1,2,casa,Bairro Industrial,ZEU,Pouso Alegre,MG,-22.197709,-45.944649,0.216,0.3316,0.1656,-0.0399
881000.0,297.0,3,3,1,casa_condominio,Centro,ZMC,Pouso Alegre,MG,-22.239264,-45.943691,0.3995,0.4153,0.4237,-0.2287
968000.0,239.0,3,2,2,casa,Jardim Panorama,ZM1,Pouso Alegre,MG,-22.204889,-45.941768,0.6197,0.5769,0.4909,0.0413
257000.0,788.0,0,0,0,terreno,Bairro Industrial,ZEU,Pouso Alegre,MG,-22.211454,-45.946318,0.5551,0.2171,0.4779,0.0298
317000.0,82.0,4,3,1,casa,Santa Luzia,ZMV,Pouso Alegre,MG,-22.227885,-45.941965,0.694,0.6455,0.54,-0.1607
773000.0,201.0,2,1,1,casa,Parque das Acácias,ZM,Pouso Alegre,MG,-22.215423,-45.976535,0.391,0.2575,0.2501,0.0567
583000.0,129.0,2,2,1,apartamento,Bela Vista,ZM,Pouso Alegre,MG,-22.228672,-45.959316,0.3462,0.716,0.2613,0.0747
450000.0,79.0,1,1,2,apartamento,Santa Luzia,ZMV,Pouso Alegre,MG,-22.238166,-45.937192,0.8323,0.5782,0.4023,0.079
1016000.0,183.0,4,4,2,casa_condominio,Centro,ZMC,Pouso Alegre,MG,-22.230428,-45.957694,0.9064,0.347,0.184,0.0426
489000.0,211.0,4,3,0,casa,Santa Luzia,ZMV,Pouso Alegre,MG,-22.238705,-45.943906,0.3598,0.509,0.2799,-0.2418
514000.0,179.0,3,2,1,casa,Parque das Acácias,ZM,Pouso Alegre,MG,-22.224597,-45.975909,0.2442,0.2358,0.275,-0.1876
759000.0,233.0,3,2,1,casa,Bairro Industrial,ZEU,Pouso Alegre,MG,-22.205504,-45.938065,0.3322,0.2868,0.1746,-0.0992
278000.0,57.0,3,3,2,apartamento,Parque das Acácias,ZM,Pouso Alegre,MG,-22.227231,-45.97444,0.3713,0.3222,0.4392,-0.0593
685000.0,265.0,3,2,1,casa,Novo Horizonte,ZEU,Pouso Alegre,MG,-22.218334,-45.9655,0.2021,0.4444,0.3259,-0.01
478000.0,122.0,4,3,1,casa,Santa Luzia,ZMV,Pouso Alegre,MG,-22.241359,-45.938015,0.5181,0.3425,0.2445,-0.1508
364000.0,140.0,3,2,1,casa,Parque das Acácias,ZM,Pouso Alegre,MG,-22.220362,-45.968248,0.2483,0.4987,0.1826,-0.0855
246000.0,543.0,0,0,0,terreno,Centro,ZMC,Pouso Alegre,MG,-22.230356,-45.957429,0.4324,0.2725,0.3368,-0.1203
130000.0,86.0,0,1,3,comercial,Novo Horizonte,ZEU,Pouso Alegre,MG,-22.212464,-45.972384,0.4733,0.3108,0.437,0.0701
530000.0,136.0,0,1,0,comercial,Santa Luzia,ZMV,Pouso Alegre,MG,-22.230804,-45.94025,0.5718,0.4861,0.207,-0.0178
596000.0,263.0,4,3,0,casa,Novo Horizonte,ZEU,Pouso Alegre,MG,-22.207983,-45.968662,0.3997,0.2749,0.4741,-0.0033
688000.0,227.0,3,3,3,casa_condominio,Jardim São Paulo,ZEIS,Pouso Alegre,MG,-22.251502,-45.960206,0.3065,0.219,0.4962,-0.1148
514000.0,174.0,3,2,1,casa,Santa Luzia,ZMV,Pouso Alegre,MG,-22.239837,-45.929283,0.5976,0.4939,0.5192,-0.1774
458000.0,139.0,1,1,1,apartamento,Bairro Industrial,ZEU,Pouso Alegre,MG,-22.20352,-45.935748,0.4331,0.3141,0.2554,-0.1301
159000.0,83.0,1,1,0,apartamento,Jardim São Paulo,ZEIS,Pouso Alegre,MG,-22.251742,-45.964542,0.4781,0.2156,0.2339,-0.2181
966000.0,229.0,0,1,3,comercial,Bela Vista,ZM,Pouso Alegre,MG,-22.228579,-45.965463,0.4738,0.3443,0.5288,-0.2129
171000.0,55.0,3,3,0,apartamento,Parque das Acácias,ZM,Pouso Alegre,MG,-22.222991,-45.977616,0.3075,0.4206,0.2073,0.0838
133000.0,63.0,2,1,2,apartamento,Bairro Industrial,ZEU,Pouso Alegre,MG,-22.207068,-45.946311,0.2713,0.2651,0.3264,-0.0466
779000.0,92.0,1,1,1,apartamento,Centro,ZMC,Pouso Alegre,MG,-22.233182,-45.946395,0.4545,0.2092,0.1823,-0.1367
123000.0,80.0,4,3,1,casa,Vila Formosa,ZEIS,Pouso Alegre,MG,-22.252483,-45.948237,0.2434,0.3027,0.2464,-0.0616
148000.0,58.0,1,1,0,apartamento,Bairro Industrial,ZEU,Pouso Alegre,MG,-22.206581,-45.950508,0.3566,0.1542,0.3693,-0.1623
769000.0,256.0,2,1,2,casa,Jardim Panorama,ZM1,Pouso Alegre,MG,-22.213243,-45.936504,0.4896,0.6307,0.4108,-0.018
313000.0,99.0,3,2,2,casa,Bela Vista,ZM,Pouso Alegre,MG,-22.216485,-45.953815,0.4994,0.5863,0.3015,0.0375
292000.0,120.0,3,3,1,apartamento,Vila Formosa,ZEIS,Pouso Alegre,MG,-22.24487,-45.965014,0.3803,0.2851,0.5298,-0.0158
865000.0,262.0,2,2,1,casa_condominio,Vila Formosa,ZEIS,Pouso Alegre,MG,-22.249021,-45.959974,0.395,0.1608,0.4315,-0.1935
488000.0,134.0,3,3,2,apartamento,Bela Vista,ZM,Pouso Alegre,MG,-22.221269,-45.956278,0.4796,0.5287,0.2199,-0.2398
213000.0,72.0,2,1,2,casa,Parque das Acácias,ZM,Pouso Alegre,MG,-22.219017,-45.97654,0.5074,0.4688,0.3661,0.0731
615000.0,120.0,1,1,0,apartamento,Santa Luzia,ZMV,Pouso Alegre,MG,-22.241267,-45.938734,0.6338,0.5818,0.2793,-0.0431
388000.0,148.0,2,2,1,apartamento,Jardim São Paulo,ZEIS,Pouso Alegre,MG,-22.248718,-45.961565,0.3504,0.225,0.4411,0.0704
837000.0,275.0,4,4,2,casa_condominio,Jardim São Paulo,ZEIS,Pouso Alegre,MG,-22.256783,-45.972712,0.505,0.3954,0.2772,-0.0808
219000.0,604.0,0,0,0,terreno,Jardim São Paulo,ZEIS,Pouso Alegre,MG,-22.247064,-45.962025,0.4264,0.3341,0.4694,0.068
174000.0,91.0,3,2,0,casa,São Geraldo,ZM2,Pouso Alegre,MG,-22.247217,-45.956813,0.4829,0.1663,0.4683,-0.1133
229000.0,172.0,3,2,1,casa,Jardim São Paulo,ZEIS,Pouso Alegre,MG,-22.24714,-45.963121,0.3216,0.2794,0.25,-0.0618
142000.0,71.0,2,1,1,casa,Jardim Panorama,ZM1,Pouso Alegre,MG,-22.218142,-45.941093,0.4461,0.4922,0.2621,0.051
613000.0,125.0,1,1,1,apartamento,Parque das Acácias,ZM,Pouso Alegre,MG,-22.231079,-45.976123,0.6341,0.4377,0.5483,-0.1467
1254000.0,317.0,0,1,4,comercial,São Geraldo,ZM2,Pouso Alegre,MG,-22.240099,-45.956091,0.6183,0.2008,0.3437,0.0716
104000.0,60.0,1,1,1,apartamento,Vila Formosa,ZEIS,Pouso Alegre,MG,-22.242248,-45.950911,0.2183,0.4495,0.2619,-0.0683
158000.0,61.0,3,2,0,apartamento,Vila Formosa,ZEIS,Pouso Alegre,MG,-22.237656,-45.954851,0.3432,0.1923,0.226,-0.2284
181000.0,112.0,3,2,0,casa,Novo Horizonte,ZEU,Pouso Alegre,MG,-22.213668,-45.973228,0.4619,0.1972,0.1785,0.0916
437000.0,129.0,2,1,0,apartamento,Santa Luzia,ZMV,Pouso Alegre,MG,-22.229914,-45.943833,0.8411,0.1992,0.3727,-0.1605
749000.0,241.0,4,4,1,casa_condominio,Santa Luzia,ZMV,Pouso Alegre,MG,-22.21773,-45.938574,0.5486,0.4776,0.4632,0.0398
303000.0,126.0,2,2,0,apartamento,Jardim São Paulo,ZEIS,Pouso Alegre,MG,-22.254194,-45.968426,0.4675,0.1353,0.2247,-0.0642
402000.0,107.0,2,2,2,apartamento,Centro,ZMC,Pouso Alegre,MG,-22.231128,-45.946479,0.6327,0.4749,0.4768,-0.0099
1249000.0,259.0,2,2,3,casa_condominio,Santa Luzia,ZMV,Pouso Alegre,MG,-22.238731,-45.945355,0.5068,0.6812,0.2346,-0.2353
349000.0,123.0,4,3,0,casa,Novo Horizonte,ZEU,Pouso Alegre,MG,-22.210145,-45.968078,0.2732,0.5247,0.2125,0.0684
437000.0,112.0,1,1,0,apartamento,Parque das Acácias,ZM,Pouso Alegre,MG,-22.223584,-45.980197,0.5828,0.3952,0.3857,-0.0634
256000.0,101.0,4,3,0,casa,Centro,ZMC,Pouso Alegre,MG,-22.225561,-45.942389,0.6382,0.7187,0.526,-0.0304
652000.0,134.0,3,2,0,apartamento,São Geraldo,ZM2,Pouso Alegre,MG,-22.237613,-45.943404,0.4935,0.4515,0.3088,0.0385
153000.0,47.0,3,3,0,apartamento,Vila Formosa,ZEIS,Pouso Alegre,MG,-22.240475,-45.949188,0.3527,0.4328,0.5259,-0.2263
404000.0,71.0,1,1,0,apartamento,Centro,ZMC,Pouso Alegre,MG,-22.229844,-45.952243,0.7979,0.7702,0.4421,0.0824
361000.0,194.0,3,3,1,casa_condominio,Bairro Industrial,ZEU,Pouso Alegre,MG,-22.207167,-45.942588,0.3024,0.3096,0.4266,0.0833
489000.0,129.0,3,3,2,apartamento,Vila Formosa,ZEIS,Pouso Alegre,MG,-22.240661,-45.958356,0.2811,0.1608,0.2086,-0.0988
166000.0,78.0,2,1,2,casa,Vila Formosa,ZEIS,Pouso Alegre,MG,-22.243031,-45.956934,0.2947,0.2009,0.1605,-0.0673
148000.0,83.0,4,3,1,casa,Jardim São Paulo,ZEIS,Pouso Alegre,MG,-22.241538,-45.968571,0.3505,0.3436,0.2304,0.0161
706000.0,180.0,3,2,1,casa,Parque das Acácias,ZM,Pouso Alegre,MG,-22.226307,-45.975297,0.3725,0.3934,0.4486,-0.2432
813000.0,181.0,4,3,1,casa,Bela Vista,ZM,Pouso Alegre,MG,-22.209542,-45.958319,0.397,0.5983,0.447,-0.1973
864000.0,266.0,2,1,0,casa,São Geraldo,ZM2,Pouso Alegre,MG,-22.24271,-45.956738,0.4099,0.241,0.2414,-0.0427
276000.0,57.0,1,1,0,apartamento,Centro,ZMC,Pouso Alegre,MG,-22.227158,-45.956856,0.8387,0.3536,0.3803,-0.0514
359000.0,75.0,2,1,0,apartamento,São Geraldo,ZM2,Pouso Alegre,MG,-22.250193,-45.946391,0.4954,0.1599,0.3025,-0.0787
748000.0,205.0,4,4,2,casa_condominio,São Geraldo,ZM2,Pouso Alegre,MG,-22.24574,-45.951555,0.6269,0.3552,0.3836,-0.2343
252000.0,138.0,2,1,0,casa,Vila Formosa,ZEIS,Pouso Alegre,MG,-22.246849,-45.957982,0.5154,0.221,0.5468,-0.1676
229000.0,76.0,2,1,2,casa,Parque das Acácias,ZM,Pouso Alegre,MG,-22.216142,-45.967622,0.5564,0.5567,0.5381,-0.0893
446000.0,87.0,3,3,0,apartamento,Santa Luzia,ZMV,Pouso Alegre,MG,-22.231389,-45.941902,0.8527,0.2427,0.36,0.0477
408000.0,119.0,4,3,1,casa,Centro,ZMC,Pouso Alegre,MG,-22.228749,-45.94767,0.5993,0.2849,0.332,-0.0337
727000.0,147.0,4,3,0,casa,Santa Luzia,ZMV,Pouso Alegre,MG,-22.237666,-45.938776,0.3368,0.3557,0.501,-0.2073
208000.0,91.0,2,2,2,apartamento,Vila Formosa,ZEIS,Pouso Alegre,MG,-22.243165,-45.948209,0.447,0.3729,0.4433,-0.0547
573000.0,159.0,2,2,2,apartamento,Jardim Panorama,ZM1,Pouso Alegre,MG,-22.222471,-45.942266,0.6902,0.2335,0.186,-0.0168
326000.0,83.0,1,1,1,apartamento,Bela Vista,ZM,Pouso Alegre,MG,-22.218334,-45.970791,0.4118,0.2089,0.2509,0.004
256000.0,111.0,2,1,1,casa,Parque das Acácias,ZM,Pouso Alegre,MG,-22.226234,-45.978721,0.736,0.279,0.1598,-0.0037
486000.0,145.0,3,2,0,apartamento,Vila Formosa,ZEIS,Pouso Alegre,MG,-22.239568,-45.958085,0.5044,0.1774,0.3804,-0.1438
637000.0,160.0,4,4,1,casa_condominio,Bairro Industrial,ZEU,Pouso Alegre,MG,-22.200566,-45.948392,0.5114,0.5027,0.4212,0.0267
776000.0,227.0,2,2,2,casa_condominio,Vila Formosa,ZEIS,Pouso Alegre,MG,-22.244705,-45.958205,0.2504,0.1957,0.3487,0.0054
849000.0,275.0,2,1,0,casa,Bela Vista,ZM,Pouso Alegre,MG,-22.226865,-45.962393,0.6417,0.3478,0.5446,-0.0219
788000.0,142.0,3,2,0,apartamento,Parque das Acácias,ZM,Pouso Alegre,MG,-22.23004,-45.976585,0.303,0.4345,0.2793,-0.1496
817000.0,201.0,3,2,0,casa,Parque das Acácias,ZM,Pouso Alegre,MG,-22.226445,-45.980694,0.4018,0.2549,0.3991,0.0473
299000.0,83.0,1,1,1,apartamento,Jardim Panorama,ZM1,Pouso Alegre,MG,-22.214056,-45.945521,0.3314,0.2749,0.2861,-0.0086
136000.0,64.0,1,1,1,apartamento,Jardim São Paulo,ZEIS,Pouso Alegre,MG,-22.246547,-45.959711,0.4669,0.3969,0.274,-0.0877
805000.0,121.0,1,1,1,apartamento,Centro,ZMC,Pouso Alegre,MG,-22.234095,-45.943025,0.8957,0.4956,0.2123,-0.0099
278000.0,78.0,2,1,1,casa,Bela Vista,ZM,Pouso Alegre,MG,-22.216779,-45.96367,0.6197,0.2486,0.164,-0.1516
380000.0,53.0,3,2,2,apartamento,Centro,ZMC,Pouso Alegre,MG,-22.230513,-45.939789,0.4856,0.4945,0.5488,-0.1282
209000.0,973.0,0,0,0,terreno,Novo Horizonte,ZEU,Pouso Alegre,MG,-22.212386,-45.966195,0.3473,0.3168,0.31,-0.016
466000.0,255.0,4,3,1,casa,Bairro Industrial,ZEU,Pouso Alegre,MG,-22.207292,-45.940757,0.2453,0.2551,0.1846,-0.1002
837000.0,181.0,2,2,1,casa_condominio,Parque das Acácias,ZM,Pouso Alegre,MG,-22.219097,-45.962548,0.3094,0.3825,0.3861,-0.0727
304000.0,224.0,2,1,2,casa,Vila Formosa,ZEIS,Pouso Alegre,MG,-22.247161,-45.954512,0.2933,0.4614,0.3921,-0.1065
440000.0,116.0,1,1,2,apartamento,Vila Formosa,ZEIS,Pouso Alegre,MG,-22.25053,-45.95521,0.2591,0.4097,0.4053,-0.1767
255000.0,74.0,1,1,1,apartamento,São Geraldo,ZM2,Pouso Alegre,MG,-22.244482,-45.957889,0.4602,0.6005,0.3619,-0.1226
440000.0,164.0,3,2,1,casa,Santa Luzia,ZMV,Pouso Alegre,MG,-22.235095,-45.940212,0.5265,0.3394,0.5188,-0.0724
266000.0,78.0,3,2,2,casa,Parque das Acácias,ZM,Pouso Alegre,MG,-22.224273,-45.972419,0.272,0.3743,0.3286,-0.2479
620000.0,130.0,1,1,1,apartamento,Jardim Panorama,ZM1,Pouso Alegre,MG,-22.210572,-45.935478,0.4058,0.5498,0.5368,0.0538
178000.0,90.0,3,2,1,casa,São Geraldo,ZM2,Pouso Alegre,MG,-22.233395,-45.95009,0.4586,0.5608,0.2226,-0.1844
300000.0,226.0,2,1,0,casa,Jardim São Paulo,ZEIS,Pouso Alegre,MG,-22.256416,-45.972502,0.321,0.317,0.3134,-0.0419
850000.0,173.0,4,3,1,casa,Bela Vista,ZM,Pouso Alegre,MG,-22.220469,-45.954604,0.5602,0.5648,0.3502,-0.0608
386000.0,120.0,3,2,2,casa,Santa Luzia,ZMV,Pouso Alegre,MG,-22.239034,-45.937241,0.6173,0.3551,0.4647,0.0681
1082000.0,210.0,2,1,0,casa,Centro,ZMC,Pouso Alegre,MG,-22.229226,-45.961728,0.5762,0.3787,0.2124,0.0576
250000.0,154.0,2,1,0,casa,Vila Formosa,ZEIS,Pouso Alegre,MG,-22.24578,-45.956459,0.4777,0.1632,0.2307,0.006
86000.0,286.0,0,0,0,terreno,Novo Horizonte,ZEU,Pouso Alegre,MG,-22.211353,-45.97056,0.2954,0.4364,0.3522,0.0602
384000.0,119.0,2,1,1,apartamento,Novo Horizonte,ZEU,Pouso Alegre,MG,-22.207474,-45.977147,0.3953,0.3474,0.4284,-0.0454
427000.0,108.0,3,2,1,apartamento,Jardim Panorama,ZM1,Pouso Alegre,MG,-22.206968,-45.935972,0.6796,0.2167,0.2861,0.0509
549000.0,212.0,3,2,2,casa,Bela Vista,ZM,Pouso Alegre,MG,-22.21673,-45.961185,0.377,0.4498,0.4268,-0.0817
640000.0,275.0,4,4,2,casa_condominio,Vila Formosa,ZEIS,Pouso Alegre,MG,-22.24466,-45.962784,0.2199,0.3733,0.3789,0.0578
361000.0,66.0,1,1,0,apartamento,Santa Luzia,ZMV,Pouso Alegre,MG,-22.233249,-45.935769,0.498,0.2742,0.5182,-0.1072
320000.0,108.0,3,3,1,apartamento,São Geraldo,ZM2,Pouso Alegre,MG,-22.230115,-45.955023,0.532,0.5339,0.2647,0.0152
405000.0,115.0,3,2,0,casa,Jardim Panorama,ZM1,Pouso Alegre,MG,-22.215736,-45.939097,0.5495,0.6716,0.4933,-0.2313
794000.0,196.0,2,2,2,casa_condominio,Parque das Acácias,ZM,Pouso Alegre,MG,-22.218581,-45.981449,0.7312,0.2715,0.4467,-0.1667
119000.0,436.0,0,0,0,terreno,Parque das Acácias,ZM,Pouso Alegre,MG,-22.218998,-45.969982,0.3576,0.2755,0.2136,-0.0798
110000.0,62.0,2,1,0,casa,São Geraldo,ZM2,Pouso Alegre,MG,-22.239877,-45.953607,0.5088,0.3508,0.2768,0.0555
514000.0,95.0,3,3,0,apartamento,Centro,ZMC,Pouso Alegre,MG,-22.227024,-45.944669,0.7115,0.3233,0.2729,-0.1335
91000.0,451.0,0,0,0,terreno,Parque das Acácias,ZM,Pouso Alegre,MG,-22.224098,-45.978759,0.3194,0.3949,0.3882,-0.1718
725000.0,184.0,3,2,1,casa,Bela Vista,ZM,Pouso Alegre,MG,-22.223142,-45.961392,0.6146,0.5578,0.3258,0.0209
225000.0,104.0,2,1,1,casa,Jardim Panorama,ZM1,Pouso Alegre,MG,-22.219168,-45.946274,0.5524,0.3875,0.3526,-0.0797
206000.0,572.0,0,0,0,terreno,Jardim São Paulo,ZEIS,Pouso Alegre,MG,-22.249085,-45.954469,0.3766,0.1191,0.324,-0.1373
408000.0,142.0,3,2,0,apartamento,Novo Horizonte,ZEU,Pouso Alegre,MG,-22.204016,-45.969488,0.4935,0.221,0.226,0.0596
368000.0,58.0,2,1,1,apartamento,Jardim Panorama,ZM1,Pouso Alegre,MG,-22.20902,-45.940385,0.4593,0.4505,0.5421,-0.1711
465000.0,104.0,3,3,0,apartamento,Jardim Panorama,ZM1,Pouso Alegre,MG,-22.223355,-45.938502,0.3971,0.2354,0.2174,-0.1936
781000.0,262.0,4,3,1,casa,Jardim Panorama,ZM1,Pouso Alegre,MG,-22.215126,-45.937779,0.503,0.6718,0.2875,-0.0915
241000.0,109.0,3,2,0,casa,Vila Formosa,ZEIS,Pouso Alegre,MG,-22.24952,-45.958317,0.5258,0.2719,0.3167,-0.2319
448000.0,232.0,4,3,2,casa,Jardim São Paulo,ZEIS,Pouso Alegre,MG,-22.250891,-45.972068,0.3636,0.3565,0.2957,0.0982
865000.0,221.0,4,4,3,casa_condominio,Parque das Acácias,ZM,Pouso Alegre,MG,-22.224021,-45.980558,0.3175,0.3021,0.4802,-0.0923
507000.0,192.0,3,3,1,casa_condominio,Jardim São Paulo,ZEIS,Pouso Alegre,MG,-22.252819,-45.968386,0.4391,0.1292,0.5206,-0.0395
535000.0,171.0,3,2,0,casa,Santa Luzia,ZMV,Pouso Alegre,MG,-22.232858,-45.938827,0.8063,0.7513,0.3258,-0.1752
418000.0,75.0,2,1,0,apartamento,Bela Vista,ZM,Pouso Alegre,MG,-22.218242,-45.962096,0.5984,0.481,0.241,0.045
707000.0,129.0,3,2,0,apartamento,Santa Luzia,ZMV,Pouso Alegre,MG,-22.248121,-45.940604,0.3215,0.4573,0.2607,-0.0195
231000.0,66.0,2,1,1,apartamento,Vila Formosa,ZEIS,Pouso Alegre,MG,-22.248856,-45.963257,0.3305,0.3606,0.5258,-0.206
322000.0,170.0,3,2,0,casa,São Geraldo,ZM2,Pouso Alegre,MG,-22.245246,-45.952015,0.31,0.1736,0.4849,-0.2336
343000.0,112.0,1,1,1,apartamento,Bairro Industrial,ZEU,Pouso Alegre,MG,-22.204636,-45.944828,0.5178,0.1288,0.4196,-0.231
256000.0,730.0,0,0,0,terreno,Bairro Industrial,ZEU,Pouso Alegre,MG,-22.208385,-45.9389,0.5599,0.2928,0.42,0.0581
515000.0,155.0,2,2,2,casa_condominio,Jardim Panorama,ZM1,Pouso Alegre,MG,-22.218428,-45.94692,0.2671,0.6435,0.218,-0.2431
291000.0,48.0,3,2,2,apartamento,Bela Vista,ZM,Pouso Alegre,MG,-22.217601,-45.966701,0.4168,0.2378,0.3,-0.2367
298000.0,81.0,2,2,0,apartamento,Jardim Panorama,ZM1,Pouso Alegre,MG,-22.209788,-45.942678,0.3627,0.5761,0.1518,-0.1825
1212000.0,261.0,2,1,1,casa,Centro,ZMC,Pouso Alegre,MG,-22.226023,-45.939768,0.3902,0.3906,0.325,-0.0523
320000.0,76.0,3,2,2,apartamento,Bela Vista,ZM,Pouso Alegre,MG,-22.212591,-45.957601,0.3976,0.6142,0.3417,-0.2283
497000.0,209.0,4,4,3,casa_condominio,Vila Formosa,ZEIS,Pouso Alegre,MG,-22.242933,-45.952693,0.5079,0.2549,0.384,-0.1958
588000.0,127.0,1,1,2,apartamento,Vila Formosa,ZEIS,Pouso Alegre,MG,-22.248803,-45.954989,0.318,0.4012,0.4801,0.0509
725000.0,187.0,4,3,0,casa,Parque das Acácias,ZM,Pouso Alegre,MG,-22.228121,-45.982586,0.2909,0.554,0.3014,-0.1801
395000.0,106.0,2,2,2,apartamento,Vila Formosa,ZEIS,Pouso Alegre,MG,-22.241368,-45.95546,0.265,0.2149,0.3834,0.097
533000.0,128.0,2,1,1,apartamento,São Geraldo,ZM2,Pouso Alegre,MG,-22.240399,-45.952302,0.3147,0.2874,0.5495,-0.1469
325000.0,91.0,3,2,0,apartamento,São Geraldo,ZM2,Pouso Alegre,MG,-22.237443,-45.950362,0.2672,0.4592,0.3128,-0.1351
118000.0,550.0,0,0,0,terreno,Vila Formosa,ZEIS,Pouso Alegre,MG,-22.247392,-45.959679,0.4627,0.3959,0.3251,-0.1297
629000.0,93.0,1,1,1,apartamento,Centro,ZMC,Pouso Alegre,MG,-22.232747,-45.950185,0.3275,0.7647,0.2609,-0.1311
419000.0,109.0,2,1,2,apartamento,Bairro Industrial,ZEU,Pouso Alegre,MG,-22.199946,-45.943064,0.4339,0.4727,0.4513,-0.0198
288000.0,827.0,0,0,0,terreno,Bairro Industrial,ZEU,Pouso Alegre,MG,-22.20813,-45.946193,0.5311,0.465,0.1809,-0.2002
371000.0,141.0,0,1,2,comercial,Jardim São Paulo,ZEIS,Pouso Alegre,MG,-22.244725,-45.964297,0.3785,0.3425,0.5488,-0.2394
466000.0,121.0,3,3,0,apartamento,Jardim São Paulo,ZEIS,Pouso Alegre,MG,-22.256278,-45.962564,0.4435,0.1407,0.2256,-0.1667
380000.0,88.0,2,1,2,apartamento,Jardim Panorama,ZM1,Pouso Alegre,MG,-22.222536,-45.952017,0.4023,0.3294,0.3235,-0.1059
418000.0,122.0,2,2,0,apartamento,São Geraldo,ZM2,Pouso Alegre,MG,-22.2422,-45.942123,0.3354,0.5488,0.2919,-0.1928
196000.0,53.0,3,3,0,apartamento,Jardim Panorama,ZM1,Pouso Alegre,MG,-22.206146,-45.939598,0.4238,0.3601,0.534,-0.1983
886000.0,187.0,2,2,1,casa_condominio,Parque das Acácias,ZM,Pouso Alegre,MG,-22.228832,-45.976048,0.4152,0.3806,0.5211,-0.0396
310000.0,204.0,3,2,2,casa,Novo Horizonte,ZEU,Pouso Alegre,MG,-22.215168,-45.96754,0.5132,0.4539,0.2122,-0.2048
1380000.0,377.0,0,1,2,comercial,Centro,ZMC,Pouso Alegre,MG,-22.233274,-45.952202,0.7859,0.3135,0.1523,-0.0489
254000.0,815.0,0,0,0,terreno,Jardim Panorama,ZM1,Pouso Alegre,MG,-22.213481,-45.933562,0.2952,0.5448,0.4241,-0.2113
174000.0,78.0,3,2,2,apartamento,Jardim São Paulo,ZEIS,Pouso Alegre,MG,-22.260091,-45.965402,0.2393,0.3541,0.1752,0.0806
376000.0,55.0,1,1,1,apartamento,Centro,ZMC,Pouso Alegre,MG,-22.230024,-45.94366,0.8932,0.7723,0.2965,0.0593
301000.0,115.0,2,2,2,apartamento,Jardim São Paulo,ZEIS,Pouso Alegre,MG,-22.240026,-45.96775,0.5097,0.2195,0.4942,-0.1623
131000.0,42.0,3,2,1,apartamento,Jardim Panorama,ZM1,Pouso Alegre,MG,-22.216583,-45.943254,0.2926,0.4393,0.4644,-0.043
638000.0,220.0,2,1,1,casa,Jardim São Paulo,ZEIS,Pouso Alegre,MG,-22.254653,-45.966338,0.2542,0.2635,0.3781,-0.0947
235000.0,71.0,2,1,2,casa,Bela Vista,ZM,Pouso Alegre,MG,-22.228815,-45.954058,0.7189,0.5856,0.3575,-0.1286
157000.0,66.0,2,1,1,apartamento,Parque das Acácias,ZM,Pouso Alegre,MG,-22.222473,-45.968114,0.3811,0.6486,0.39,-0.0573
338000.0,196.0,2,1,1,casa,Bairro Industrial,ZEU,Pouso Alegre,MG,-22.200285,-45.950998,0.2981,0.2498,0.4148,0.0577
360000.0,120.0,1,1,0,apartamento,São Geraldo,ZM2,Pouso Alegre,MG,-22.245433,-45.946906,0.3196,0.5786,0.4149,-0.1953
728000.0,137.0,1,1,1,apartamento,São Geraldo,ZM2,Pouso Alegre,MG,-22.240265,-45.946191,0.5917,0.4904,0.4207,0.0477
295000.0,86.0,3,3,2,apartamento,Jardim São Paulo,ZEIS,Pouso Alegre,MG,-22.24715,-45.97428,0.4478,0.319,0.3955,-0.1006
634000.0,149.0,2,1,1,apartamento,Bairro Industrial,ZEU,Pouso Alegre,MG,-22.200966,-45.937616,0.5299,0.4751,0.3627,-0.2264
